Organization,Followed On
CirrusLabs,Tue Jun 09 19:34:06 UTC 2026
Perfios,Tue Jun 09 19:30:59 UTC 2026
Zemoso Technologies,Tue Jun 09 19:29:01 UTC 2026
Roku,Tue Jun 09 19:27:18 UTC 2026
EnCharge AI,Mon Jun 08 17:31:42 UTC 2026
JioHotstar,Mon Jun 08 17:31:13 UTC 2026
Nokia,Mon Jun 08 17:30:52 UTC 2026
Razorpay,Mon Jun 08 17:29:51 UTC 2026
Collabera,Fri Jun 05 22:05:29 UTC 2026
LinkedIn,Fri Jun 05 22:03:26 UTC 2026
Porter,Fri Jun 05 22:00:54 UTC 2026
Chargebee,Mon May 25 09:56:53 UTC 2026
WD,Mon May 25 06:37:01 UTC 2026
EvoluteIQ,Mon May 25 06:33:36 UTC 2026
Indico Labs,Mon May 25 06:31:15 UTC 2026
Writesonic,Mon May 25 06:17:16 UTC 2026
Readyly,Mon May 25 06:13:01 UTC 2026
Algoframe,Sun May 24 06:57:13 UTC 2026
Stealth Indian Startup,Sat May 23 09:34:37 UTC 2026
OneByZero,Sat May 23 09:31:56 UTC 2026
Leedflow,Sat May 23 08:31:54 UTC 2026
TrueFoundry,Sat May 23 08:02:49 UTC 2026
WardlyAI,Sat May 23 07:44:25 UTC 2026
ANSR,Sat May 23 06:51:16 UTC 2026
Arctic Wolf,Tue May 19 19:50:02 UTC 2026
JazzX AI,Mon May 18 17:22:30 UTC 2026
Crossing Hurdles,Mon May 18 17:19:10 UTC 2026
Lucidya | لوسيديا,Mon May 18 17:18:31 UTC 2026
Bush and Bush Law Group,Mon May 18 17:13:46 UTC 2026
"Mumba Technologies, Inc.",Mon May 18 17:07:33 UTC 2026
YMinds.AI,Mon May 18 16:49:50 UTC 2026
Stealth AI Startup,Mon May 18 16:49:14 UTC 2026
Arcana,Mon May 18 16:48:06 UTC 2026
Navsan,Mon May 18 16:46:56 UTC 2026
"Queens, a puzzle by LinkedIn",Mon May 18 16:23:57 UTC 2026
"Tango, a puzzle by LinkedIn",Mon May 18 16:17:59 UTC 2026
"Patches, a puzzle by LinkedIn",Mon May 18 16:13:22 UTC 2026
"Zip, a puzzle by LinkedIn",Mon May 18 16:11:30 UTC 2026
Asha Health (YC F24),Sun May 17 22:12:22 UTC 2026
Teradata,Sun May 17 22:11:56 UTC 2026
OutcomesAI,Sun May 17 22:04:08 UTC 2026
Reflections Info Systems,Sun May 17 20:51:03 UTC 2026
RED Global,Sun May 17 20:15:25 UTC 2026
PranaTree,Fri Apr 10 08:05:51 UTC 2026
Goldcast,Fri Mar 13 02:34:06 UTC 2026
Salt,Thu Jan 29 15:00:27 UTC 2026
Sancus International,Thu Jan 29 14:59:53 UTC 2026
etera,Thu Jan 29 14:59:40 UTC 2026
Sanderson-iKas Singapore,Thu Jan 29 14:58:43 UTC 2026
Razer,Thu Jan 29 14:58:09 UTC 2026
The HEINEKEN Company,Thu Jan 29 14:57:33 UTC 2026
Visvesvaraya Technological University,Sat Jan 10 16:59:52 UTC 2026
Pinpoint Asia,Sat Dec 13 05:41:02 UTC 2025
Searchability®,Thu Dec 11 18:06:42 UTC 2025
Dar,Thu Dec 11 18:06:18 UTC 2025
Fuse Energy,Thu Dec 11 18:06:07 UTC 2025
HCLTech,Thu Dec 11 18:05:22 UTC 2025
Randstad Singapore,Thu Dec 11 18:04:52 UTC 2025
NCS Group,Wed Dec 10 02:10:07 UTC 2025
Prop Firm Match,Wed Dec 10 02:09:45 UTC 2025
Kayana | Ordering & Payment Solutions,Tue Dec 09 05:11:01 UTC 2025
Deeplight AI,Tue Dec 09 05:07:44 UTC 2025
Hays,Tue Dec 09 04:16:19 UTC 2025
Searce Inc,Tue Dec 09 04:15:33 UTC 2025
Saragossa,Tue Dec 09 04:15:15 UTC 2025
Russell Tobin,Tue Dec 09 04:14:58 UTC 2025
Crypto.com,Tue Dec 09 04:13:25 UTC 2025
Danube Properties,Tue Dec 09 04:10:12 UTC 2025
Nameless Ventures,Tue Dec 09 04:09:30 UTC 2025
Weekday AI (YC W21),Mon Dec 08 09:21:50 UTC 2025
YouTrip,Mon Dec 08 07:09:12 UTC 2025
SGInnovate,Mon Dec 08 07:04:41 UTC 2025
Orbis Group,Sat Nov 15 04:42:15 UTC 2025
UMATR,Sat Nov 15 04:40:06 UTC 2025
detections.ai,Tue Oct 07 18:39:14 UTC 2025
BeyondB,Fri Jan 03 18:23:48 UTC 2025
Ascendion,Wed Dec 18 10:20:01 UTC 2024
techjays,Tue Nov 05 05:19:05 UTC 2024
NETIX.AI,Tue Nov 05 05:17:34 UTC 2024
Nacre Capital,Tue Nov 05 05:17:07 UTC 2024
Mogi I/O : OTT/Podcast/Short Video Apps for you,Tue Nov 05 05:15:51 UTC 2024
TIGI HR,Tue Nov 05 05:15:17 UTC 2024
Sureminds Solutions Private Limited,Mon Nov 04 06:24:50 UTC 2024
Codecademy,Mon Nov 04 06:24:11 UTC 2024
Recruitfy,Mon Nov 04 06:23:52 UTC 2024
Alpha Consultants,Mon Nov 04 06:22:48 UTC 2024
TalentXM,Mon Nov 04 06:22:03 UTC 2024
ESK Technologies,Mon Nov 04 06:21:43 UTC 2024
Prana Tree,Mon Nov 04 06:21:04 UTC 2024
Smart Working,Mon Nov 04 06:20:19 UTC 2024
DataCamp,Mon Nov 04 06:16:02 UTC 2024
Irisidea,Mon Nov 04 04:47:00 UTC 2024
"Maestro Technologies, Inc.",Mon Nov 04 04:42:45 UTC 2024
Research,Mon Nov 04 04:19:17 UTC 2024
Data Wrangling,Mon Nov 04 04:18:58 UTC 2024
HiroJet,Thu Oct 31 03:20:57 UTC 2024
Collabera Digital,Thu Oct 31 03:19:17 UTC 2024
Weekday (YC W21),Thu Oct 31 03:15:42 UTC 2024
System Two Security (detections.ai),Thu Oct 31 03:13:48 UTC 2024
Vaisesika,Thu Oct 31 03:12:26 UTC 2024
Presentation Skills,Mon Oct 28 02:21:58 UTC 2024
Lean Software Development,Mon Oct 28 02:21:48 UTC 2024
Marga Consulting,Sat Oct 26 11:53:11 UTC 2024
Predictive Analytics,Sat Oct 26 02:20:02 UTC 2024
Batch Processing,Sat Oct 26 02:13:49 UTC 2024
Data Structures,Sat Oct 26 02:10:28 UTC 2024
Sarvam,Fri Oct 25 08:14:52 UTC 2024
Sanas,Thu Oct 24 17:28:55 UTC 2024
Stealth,Thu Oct 24 13:45:00 UTC 2024
World Wide Technology,Thu Oct 24 13:43:43 UTC 2024
TechShack,Wed Oct 23 11:00:25 UTC 2024
Edstem Technologies,Mon Oct 21 11:07:57 UTC 2024
Andela,Mon Oct 21 07:04:57 UTC 2024
Proximity Works,Mon Oct 21 07:03:34 UTC 2024
MindBrain,Mon Oct 21 06:59:15 UTC 2024
Health Jeanie,Mon Oct 21 03:39:00 UTC 2024
Multiplier,Mon Oct 21 03:36:52 UTC 2024
MS Technologies,Mon Oct 21 03:32:00 UTC 2024
Highbrow Technology Inc,Thu Oct 17 03:56:55 UTC 2024
HQ,Thu Oct 17 03:56:28 UTC 2024
INDI Staffing Services,Thu Oct 17 03:55:25 UTC 2024
Strategic Planning,Thu Oct 17 03:54:59 UTC 2024
Valuation,Thu Oct 17 03:54:47 UTC 2024
Critical Thinking,Thu Oct 17 03:53:23 UTC 2024
Swiggy,Thu Oct 17 03:52:21 UTC 2024
DeepConverse,Thu Oct 17 03:50:44 UTC 2024
Recro,Thu Oct 17 03:49:32 UTC 2024
Luxoft India,Thu Oct 17 03:47:30 UTC 2024
Shell Scripting,Thu Oct 17 03:46:53 UTC 2024
Coursera,Tue Oct 08 10:55:50 UTC 2024
SpicyChat.AI,Mon Oct 07 17:53:29 UTC 2024
Nagarro,Mon Oct 07 17:50:50 UTC 2024
Truelancer.com,Mon Oct 07 17:48:11 UTC 2024
Turing,Sun Oct 06 03:24:15 UTC 2024
Computer Science,Sun Oct 06 03:23:21 UTC 2024
Problem Solving,Sun Oct 06 03:23:10 UTC 2024
Reasoning Skills,Sun Oct 06 03:22:29 UTC 2024
HTML5,Sun Oct 06 03:21:42 UTC 2024
Human Factors Design Consulting,Fri Jun 28 02:28:24 UTC 2024
Skyroot Aerospace,Wed Jul 12 16:59:54 UTC 2023
Pixxel,Wed Jul 12 16:45:56 UTC 2023
Stitchflow,Mon Apr 17 04:54:47 UTC 2023
Alstom,Sun Dec 06 12:27:39 UTC 2020
Tech Mahindra,Sun Dec 06 12:26:21 UTC 2020
NeuraSignal,Sun Dec 06 12:17:30 UTC 2020
Legend Technologies (India) Private Limited,Mon Apr 03 18:38:29 UTC 2017
Enti Innovations Pvt Ltd,Fri Feb 07 04:25:07 UTC 2014