Content Title,Content Description,Content Type,Content Last Watched Date (if viewed),Content Completed At (if completed),Content Saved,Notes taken on videos (if taken),
SOLIDWORKS: Designing a Stirling Engine,"Expand your SOLIDWORKS 3D CAD skills by learning how to design a machine with moving parts. In this course, learn through designing the components of an early-19th-century rival to the steam engine. Follow along with Johno Ellison as he leads you through the steps for creating a Stirling engine, a closed-cycle heat engine invented by Robert Stirling in 1816. Johno shows how to use SOLIDWORKS to create all the parts, combine the parts into an assembly, and prepare drawings for the final product. Johno also provides tips and ideas for moving the creation from a virtual to physical design.",Course,2021-07-10 04:16 UTC,N/A,false,N/A,
Six Sigma Foundations,"Learn how to apply Six Sigma to drive improvements in the performance of your processes, products, and services. Dr. Richard Chua explains the fundamentals of Six Sigma—a customer-focused, data-driven approach to improvement. He'll go over the basic concepts, including critical-to-quality (CTQ) requirements, variation, defects per million opportunities (DPMO), the roles and belts of Six Sigma professionals, and the criteria for identifying Six Sigma projects successfully. The rest of the course walks through the five phases of Six Sigma DMAIC—Define, Measure, Analyze, Improve, and Control—and the steps, data, and key deliverables involved in each phase.",Course,2022-04-01 00:19 UTC,N/A,false,N/A,
SQL Server Fundamentals: Master Basic Query Techniques,"Do you want to learn about SQL but aren’t sure where to start? In this beginner-level course, instructor Julianne Thouin covers basic concepts of relational database design and explains how to write simple SELECT statements using joins and proper filtering. Julianne explains what SQL Server is and what it is used for. Next, she shows how tables in a relational database relate to one another through surrogate, primary, and foreign keys. Julianne teaches you how to tackle the most basic query possible. She explains how AND and OR logic applies to filtering queries on more than one data point, then discusses INNER joins and OUTER joins. Julianne covers how to use subqueries for filtering your results. She walks you through some commonly used examples of built-in functions. In conclusion, Julianne shows you how aggregate functions work using the GROUP BY and HAVING clauses. Practice what you learn with hands-on challenges!",Course,2021-01-24 18:09 UTC,N/A,false,N/A,
Training Neural Networks in C++ (2021),"Learn about the purpose, structure, and training process of neural networks to improve your machine learning skills. In this project-based course, instructor Eduardo Corpeño teaches you how to create an intelligent system with a neural network from scratch in C++, as well as how to choose the right neural network architecture and training method for each problem. Eduardo starts by explaining the difference between a neural network and other programming tools. He goes over why this course uses C++ and how to add different types of neural networks to your toolbox. The inspiration for artificial neural networks is the brain, and Eduardo relates parts of a biological neuron to C++ elements, then shows how to use activation functions and perceptrons in building neuron models. Eduardo covers the steps you will need to build and train your network. He explains segment display recognition, then guides you through designing and training your own SDR neural network.",Course,2023-02-20 04:19 UTC,N/A,false,N/A,
Nano Tips to Ditch Self-Doubt with Shade Zahrai,"<p>Welcome to our <i>Nano Tips</i> series, where LinkedIn Learning creators deliver impactful lessons in literally seconds. In this installment, explore what it takes to overcome self-doubt and leverage a growth mindset, following advice and practical, easy-to-apply insights from award-winning leadership strategist and peak performance specialist Shadé Zahrai.</p><p>Discover strategies to manage self-doubt as a sign of progress, build confidence, and visualize outcomes while preparing for complex challenges. Learn to embrace discomfort for growth, counteract anxiety with intentional actions, and focus on personal progress by letting go of perfection. Along the way, Shadé shares techniques to help you control your mental narrative, identify self-doubt, and build empathy and self-compassion by focusing on positive traits in others.</p><p>This course was created by Shadé Zahrai. We are pleased to host this training in our library.</p>",Course,2025-12-07 09:05 UTC,N/A,false,N/A,
CSS Essential Training (2019),"Cascading Style Sheets (CSS) is a stylesheet language that allows you to control the appearance of your webpages. In this hands-on course, Christina Truong demonstrates the concepts that form the foundation of CSS, explaining what you need to know to tweak existing CSS and write your own. Christina explains how to add colors and other design elements to take your webpages beyond just black text on a white background. She shows how to use selectors, how the box model defines the spacing and sizing of page elements, and how to style text and manage basic layouts with Flexbox and Grid. She also covers working with advanced selectors, creating fluid layouts, and determining when to use the float and position properties. Plus, at the end of the course, you'll walk away with an actual project—an online résumé page.",Course,2022-05-04 03:55 UTC,N/A,false,N/A,
Software Architecture: Patterns for Developers (2020),"As a developer, you're ultimately building software to solve problems for your users. But a successful application also needs to be easy for you and other developers to work with. Enter software architecture patterns. These trusted solutions allow you to translate complex architectural problems to recognizable patterns. In this course, instructor Peter Morlion covers a variety of software architecture patterns, showing you how to apply the correct architecture to new systems and recognize patterns in existing systems. Peter goes over application landscape patterns such as microservices. He also covers application structure patterns like event sourcing, as well as UI patterns like model-view-controller (MVC). Along the way, he shares pros and cons that help you determine which patterns to use.",Course,N/A,N/A,true,N/A,
Build AI Agents and Chatbots with LangGraph,"<p>Conversational chatbots are growing in popularity, and nearly every product or service supports one today. Agentic AI provides capabilities that can provide chatbots with higher levels of autonomy and value. In this course, instructor Kumaran Ponnambalam helps you to apply agentic AI to build sophisticated chatbots that can provide the next generation of self-service. Kumaran takes you through the step-by-step process of building a chatbot with agentic capabilities using LangChain and LangGraph, and discusses best practices for building agentic chatbots.</p>

<p>This course is integrated with GitHub Codespaces, an instant cloud developer environment that offers all the functionality of your favorite IDE without the need for any local machine setup. With GitHub Codespaces, you can get hands-on practice from any machine, at any time—all while using a tool that you’ll likely encounter in the workplace. Check out “Setting up GitHub Codespaces"" with this course to learn how to get started.</p>",Course,2026-05-25 03:39 UTC,N/A,false,N/A,
C# and .NET Essential Training,"Microsoft .NET is a modern, cross-platform framework for developing applications for the web, desktop, and mobile devices. This course gives an introduction to some of the features of .NET that makes building applications easier, more performant, and more productive. Veteran technologist Joe Marini demonstrates how to use built-in capabilities of .NET such as string processing, data collection types, number and date formatting, reading and writing files, and even working with regular expressions. Joe also introduces hands-on code challenges to help you practice what you learn. By using these built-in features, you can focus more on your core application logic and less on having to build common capabilities from scratch.",Course,N/A,N/A,true,N/A,
Windows Server Hybrid Administrator Associate (AZ-800) Cert Prep: 2 Manage Windows Servers and Workloads in a Hybrid Environment,"In this course, Seema Rahman shows you the key concepts and skills you need to know to prepare for and tackle the Microsoft AZ-800: Administering Windows Server Hybrid Core Infrastructure certification exam. Go over topics related to Windows servers and workloads in a hybrid environment, including: Windows server administration tools; managing hybrid AD DS environments; Hyper-V virtualization, Azure image and automation; and more. Plus, get exam tips specific to this domain of the AZ-800 certification.",Course,2024-10-31 03:11 UTC,N/A,false,N/A,
Nano Tips to Boost Productivity with Shadé Zahrai,"Welcome to our Nano Tips series, where LinkedIn Learning creators deliver impactful lessons in literally seconds. In this course, peak performance researcher and behavioral strategist to Fortune 500 companies Shadé Zahrai teaches tips for increasing your productivity. Shadé shows you techniques to help you start your tasks more efficiently and provides strategies to help you maintain your focus. She also shares some essential productivity principles to help you recalibrate your mindset and boost your productivity.",Course,2025-11-01 20:21 UTC,N/A,false,N/A,
Ten Tips for the C# Developer (2020),"C# and .NET are deep areas. Even if you’ve been a developer for years, there are bound to be features you don’t even know exist. In this course, take a look at some of the hidden or interesting methods that can help you write better code in this multifaceted programming language. Hear tips for improving your everyday workflows in C# development including a method to help avoid race conditions when working with a dictionary. Learn how to use pattern matching to create more expressive and readable code branches. Explore the new C# 8 slice operators and how and when to flatten a one-many relationship. Discover fresh tactics like how to and engage another programmer’s technique, use the DebuggerDisplay attribute to specify what information is shown, and more.",Course,2022-07-04 17:51 UTC,N/A,false,N/A,
Chat with Your Data Using ChatGPT,"Discover how to build an intelligent agent that can retrieve, reason, and remember. In this hands-on course, you will create an agentic RAG (retrieval-augmented generation) system that connects a language model to real-world data to enable dynamic question answering and discovery. You will start by setting up your development environment and preparing a dataset, then build an agent capable of autonomous reasoning, retrieval, and long-term memory. Along the way, you will extend your agent with custom tools for translation, analysis, and pattern detection to transform it into a research assistant. By the end of the course, you will have a working interactive agent that can chat with your data and a clear blueprint for adapting agentic RAG systems to real-world use cases.",Course,2026-06-02 18:49 UTC,N/A,false,N/A,
Data Ingestion with Python,"A sizable portion of a data scientist's day is often spent fetching and cleaning the data they need to train their algorithms. In this course, learn how to use Python tools and techniques to get the relevant, high-quality data you need. Instructor Miki Tebeka covers reading files, including how to work with CSV, XML, and JSON files. He also discusses calling APIs, web scraping (and why it should be a last resort), and validating and cleaning data. Plus, discover how to establish and monitor key performance indicators (KPIs) that help you monitor your data pipeline.",Course,2024-10-29 17:43 UTC,N/A,false,N/A,
Power BI Essential Training (2024),"Discover how to quickly glean insights from your data using Power BI. This formidable set of business analytics tools—which includes the Power BI service, Power BI Desktop, and Power BI Mobile—can help you more effectively create and share impactful visualizations with others in your organization. In this course, Gini von Courter helps you get started with this powerful toolset. Gini begins by covering the web-based Power BI service, explaining how to import data, create visualizations, and arrange those visualizations into reports. She discusses how to pin visualizations to dashboards for sharing, as well as how to ask questions about your data with Power BI Q&A. She also provides coverage of Power BI Mobile and shows how to use the data modeling capabilities in Power BI Desktop.",Course,2023-07-18 13:22 UTC,2023-07-18 13:18 UTC,true,N/A,
Nano Tips for Effortless Conversations with Shadé Zahrai and Jefferson Fisher,"<p>Welcome to our <i>Nano Tips</i> series, where LinkedIn Learning creators deliver impactful lessons in literally seconds. In this installment, explore what it takes to cultivate and sustain effortless conversations, following advice and practical, easy-to-apply insights from award-winning leadership strategist and peak performance educator Dr. Shadé Zahrai, and trial attorney, best-selling author, and globally recognized communication expert Jefferson Fisher. Shadé and Jefferson offer tips for confidently responding to common questions, recovering from awkward moments, engaging in small talk, and more. Along the way, discover techniques to build trust, maintain balanced conversations, use nonverbal cues, navigate silences, and stay fully present. By the end of this course, you’ll have the confidence and ease to turn everyday conversations into opportunities for stronger connection and influence.</p><p>This course was created by Shadé Zahrai and Jefferson Fisher. We are pleased to host this training in our library.</p>",Course,2025-11-15 04:37 UTC,N/A,false,N/A,
JavaScript: Hashmaps,"Hashmaps are a very useful data structure in programming languages. In JavaScript, data is stored in key-value pairs, using hashmaps to allow for quick retrieval of data. In this course, software engineer and web evangelist Tiffany Graves covers what hashmaps are and why they are used. Learn how the built-in functions for hashmaps, get() and set(), offer quick data retrieval, which leads to an optimal time complexity. Explore the relatively optimal space complexity of Hashmaps in JavaScript, as well.  Plus, dive into a discussion of hashing and the basics of what a hash function is.",Course,2026-06-11 18:25 UTC,N/A,false,N/A,
After Effects 2020 New Features,"After Effects 2020 is here. Want to know how this new version will impact your motion graphics workflow? This course covers the latest upgrade, focused around the new, more powerful Content-Aware Fill. Discover how to remove an object, create a reference frame, and remove a logo on a smooth surface with this intelligent editing tool. Instructor Mark Christiansen provides practical tips to help you get the most from this forward-looking update.",Course,2021-02-08 18:45 UTC,N/A,false,N/A,
Nano Tips for Delegating to Peers with Melody Wilding,"Welcome to our <i>Nano Tips</i> series, where LinkedIn Learning creators deliver impactful lessons in literally seconds. In this course Melody Wilding teaches you how to delegate to peers, cross-functional partners, and dotted line team members. Discover how to assign work when you don’t have formal authority, create buy-in and accountability, and address missed deadlines and poor work quality.",Course,2026-06-15 16:27 UTC,N/A,false,N/A,
Dieter Rams: Principles of Good Design,"In his 50+ years of product design, Dieter Rams has left an indelible mark on the field with his iconic work at Braun and Vitsœ. The objects Dieter has designed have touched the lives of millions of people who have owned a Braun coffeemaker or stereo, an Oral-B toothbrush, or a Vitsœ 606 shelving system. Or any of the hundreds of other products Dieter has designed or overseen. This film is a documentary portrait by Gary Hustwit following one of the most influential designers alive. Gary interviews Dieter about his life and work, as he ruminates on consumerism, sustainability, and the future of design.<br><br>

This film was created by Gary Hustwit. We are pleased to offer this documentary in our library.",Course,2022-11-19 12:59 UTC,N/A,false,N/A,
"The Data Science of Healthcare, Medicine, and Public Health","Data analytics plays an increasingly pivotal role in how we go about managing our healthcare systems and personal health. This nontechnical course explores a variety of ways to apply data science to medicine and public health. Data scientist Barton Poulson discusses the ways that dramatically increased quantities of data—from genetic testing, genealogy, brain scans, and other sources—are changing the theory and practice of healthcare. As he looks over key data sources, Barton explores the different methods for analyzing this wealth of data, including machine learning and predictive modeling. He also details the extraordinary effect of the COVID-19 pandemic on the ways data is used in healthcare, and details how data science has changed the areas of patient care, self-care, and medical insurance. Barton also looks at some challenges the increased use of data presents, from ethical questions to logistical implementations, and how data science can help identify unanticipated problems.",Course,2023-07-13 05:42 UTC,N/A,false,N/A,
Nano Tips to Project Confidence and Executive Presence with Shadé Zahrai,"<p>Welcome to our Nano Tips series, where LinkedIn Learning creators deliver impactful lessons in literally seconds. In this course, behavioral strategist and global peak performance consultant to Fortune 500 companies Shadé Zahrai shows you frameworks that will support you in building genuine connections, speaking with precision, and maintaining poise. Learn ways to project confidence in your communication, refine your presence using concise messages, and reinforce your credibility through a confident posture. Plus, learn to amplify your influence with  a positive presence, asking thoughtful questions, and communicating with credibility.</p>

<p>This course was created by Shadé Zahrai. We are pleased to host this training in our library.</p>",Course,2025-10-05 15:44 UTC,N/A,false,N/A,
Model Context Protocol (MCP): Hands-On with Agentic AI,"The Model Context Protocol (MCP) allows developers to add agent behavior to LLMs by providing a universal protocol providing context to language models so they can interface with data and applications in a consistent way. MCP servers expose resources (data), tools (actions), and prompts (instructions) for the LLM and the user to use in performing more complex operations. In this course you’ll explore how the MCP works in Claude Desktop to extend its functionality, and you’ll build your own MCP servers using Python and TypeScript to give LLMs new capabilities to do things on the computer, connect with external APIs, and perform advanced multi-step actions.",Course,2026-05-19 19:39 UTC,N/A,false,N/A,
Nano Tips for Establishing an Entrepreneurial Mindset with Ross Simmonds,"Welcome to our <i>Nano Tips</i> series, where LinkedIn Learning creators deliver impactful lessons in literally seconds. In this course, Ross Simmonds teaches you how to get in a mindset that can set you up for entrepreneurial success. Ross explains the differences between a growth mindset and a fixed mindset, the importance of time management, the pitfalls of seeking validation from others, the value of strategic sacrifice, and more.",Course,2025-12-08 01:51 UTC,N/A,false,N/A,
React: Design Patterns (2021),"If you’ve learned the basics of React and have worked on many React applications, chances are you’ve run into some recurring problems and situations, like creating reusable layouts or working with forms. If you’ve been on the hunt for solutions to common problems, look no further than this course with Shaun Wassell, where he covers many of the most useful design patterns—effective and repeatable solutions to common application development challenges. This course consists of several sections, each of which will cover a group of React design patterns, ranging from preferred syntax for specific tasks to how to arrange components in the most effective way. Among the topics Shaun covers are composition, higher-order components, state hoisting, controlled vs. uncontrolled components, and many other patterns that help a React app develop into a well-organized codebase.",Course,N/A,N/A,true,N/A,
HTML Essential Training (2020),"Hypertext Markup Language (HTML) is the foundation of website and web application development. It allows you to ensure that your content is understood by both segments of your audience: the people who watch, read, or listen to your content, and the computers that display it. In this course, learn how to craft excellent HTML with the pieces that HTML itself has to offer. Instructor Jen Simmons highlights all of the fundamental concepts you need to use HTML thoughtfully. She focuses on semantic markup: tagging content as what it is, and not just for formatting, convention, or convenience. This has far-reaching impact for those who consume the web differently; it ensures that when a screen reader or a system (like a search engine) consumes a page, it knows exactly what it contains and how to categorize that information.",Course,2021-05-06 08:08 UTC,N/A,false,N/A,
React.js Essential Training,"Among all other JavaScript libraries, React.js stands out. It relies on reusable components, not templates, for UI development, allowing developers to render views where data changes over time. React applications are more scalable and more maintainable, making developers more efficient and users more satisfied. In this course, Eve Porcello introduces the basics of the React library using the most modern syntax and best practices for creating React components. Along the way, learn how to set up Chrome tools for React; create new components; work with the built-in Hooks in React; use the Create React App to run tests, and more. By the end of the course, you'll be armed with the essentials of React.js and better prepared to build your own browser-based projects.",Course,N/A,N/A,true,N/A,
TypeScript Essential Training,"TypeScript lets you write JavaScript the same way you always do. That’s because TypeScript compiles to plain JavaScript and works with any browser, any host, and any operating system. It adds a variety of helpful tools and syntax to an already mature language, bringing the power and productivity of open-source, object-oriented development to fully compatible, core JavaScript.<br><br>In this course, Jess Chadwick teaches you how to leverage the full power of the TypeScript language in your JavaScript applications. Revisit some of the JavaScript fundamentals before turning to the data types, classes, generics, modules, and decorators that are unique to TypeScript. Get tips on defining complex types, extending and extracting metadata from existing types, and working with JavaScript modules to make your code more efficient. You can even try out your new TypeScript skills with the practice challenges along the way.",Course,N/A,N/A,true,N/A,
Nano Tips to Foster a Growth Mindset and Mental Agility with Shadé Zahrai,"<p>Welcome to our Nano Tips series, where LinkedIn Learning creators deliver impactful lessons in literally seconds.</p>

<p>In this installment award-winning leadership strategist and peak performance specialist Shadé Zahrai shows you how you can succeed professionally and in life using a growth mindset and mental agility.</p>

<p>Shadé explains how to master your inner dialogue by tapping into the power of “yet”, shifting your focus to possibility, and using language for growth. She covers ways to overcome obstacles through changing your perspective on failure, emphasizing growth over speed, and detaching from external approval. Plus, Shadé gives you several practical tips on how you can apply a growth mindset toward others in how you respond to compliments and how you give and receive feedback.</p>
 
<p>This course was created by Shadé Zahrai. We are pleased to host this training in our library.</p>",Course,2025-10-17 17:38 UTC,N/A,false,N/A,
Complete Guide to Evaluating Large Language Models (LLMs),"<p>In this comprehensive course, AI and LLM expert Sinan Ozdemir shares with you the knowledge and skills to assess LLM performance effectively. Get a detailed introduction to the process of evaluating LLMs, Multimodal AI, and AI-powered applications like agents and RAG. Learn how to thoroughly assess and evaluate these powerful and often unwieldy AI tools so you can make sure they meet your real-world needs. This course prepares you to evaluate and optimize LLMs so you can produce cutting edge AI applications. </p>

<p>This course was created by Pearson. We are pleased to host this training in our library.</p>",Course,2026-05-30 15:33 UTC,N/A,false,N/A,
Data Resilience with Spring and RabbitMQ Event Streaming,"RabbitMQ is a widely deployed messaging solution and Spring is a popular framework for building modern Java applications. In this course, Gregory Green explains how Spring and RabbitMQ can be used to build a resilient data architecture for critical applications. Learn about RabbitMQ features such as quorum queues, streams, and multi-site replication. Gregory also reviews Spring projects like Spring Cloud and AMQP that simplify building production-ready applications. Plus, learn how Kubernetes improves resiliency for Spring applications and RabbitMQ.",Course,2024-11-05 05:10 UTC,N/A,false,N/A,
Nano Tips on How to Apologize Authentically with Arti Halai,"<p>Welcome to our <i>Nano Tips</i> series, where LinkedIn Learning creators deliver impactful lessons in literally seconds. In this course, Arti Halai guides you through the steps of reflection and thought necessary to share an authentic apology in both personal and professional settings.</p><p>
 
This course was created by Arti Halai and CRFT Productions. We are pleased to host this training in our library.
 </p>",Course,2025-12-11 16:47 UTC,N/A,false,N/A,
Operational Excellence Foundations,"<p>Understand and apply operational excellence to improve your organization's processes, products, and services for sustained competitive advantage. Dr. Richard Chua, consultant, professor and certified Lean Six Sigma Master Black Belt trainer, explains the fundamentals of operational excellence-from key concepts and tools to methodologies and implementation best practices. He explains lean principles and shows how to eliminate variation, operationalize the voice of the customer (VOC), error proof, and build in quality at the source. He covers methodologies such as Lean Six Sigma (DMAIC), Kaizen, Design for Six Sigma (DMADV), and value stream management (VSM), and shows how to choose the right one for your application. He concludes by sharing implementation best practices to drive the right mindset, behaviors, and results for sustaining operational excellence. </p><p>This course is part of a <a href=""https://www.linkedin.com/learning/paths/operations-management-professional-certificate-by-jack-welch-management-institute"" target=""_blank"">Professional Certificate</a> from Jack Welch Management Institute.</p>",Course,2022-04-01 00:24 UTC,N/A,false,N/A,
After Effects Weekly,"During the last few years, After Effects has grown from a simple software program into an ever-evolving motion graphics ecosystem. New features are being added each quarter and it's getting hard to keep up. This weekly series demonstrates tips, tricks, and techniques to help you to stay on top of the changes and reveals undocumented effects and shortcuts that will blow you away. Learn how to reset tools, control animations, create effects, control layers, fix issues, and integrate with Photoshop, Illustrator, and Cinema 4D. Tune in every Friday for a new tip.",Course,2025-03-11 03:11 UTC,N/A,false,N/A,
CATIA V5: Class A Surfacing,"Class A surface modelers are called digital sculptors for a reason: the Class A surface represents the absolute peak of styling for freeform surfaces. For this reason, the Class A technique is used to design automobiles, high-end products like mobile phones, and aerospace craft, where the shapes must be of the highest quality. This course introduces the concepts behind Class A surfacing, including an explanation of key terms and their roots in shipbuilding history. You also learn the fundamentals of Class A surfacing design—from deriving curves to creating mesh surfaces—and find out how to implement these techniques in CATIA V5, a leading CAD platform. Instructor Steven Marjieh also shows how to assemble the final form, and perform an analysis to ensure your designs meet the original engineering and styling intents.",Course,2021-01-06 10:40 UTC,N/A,false,N/A,
Spring Boot 2.0 Essential Training,"Learn how to get started with Spring Boot 2.x, a powerful framework that can help you build web applications quickly, using less code. The Java-based programs you build in Spring Boot ""just run"": they resolve their own dependencies and create containers for running code in any environment. Learn how to use Spring Boot to build your projects in this course with software architect and Spring developer Frank Moley. Frank shows how to initialize, containerize, and run Spring Boot web apps and CLI apps, and use the library of common starter projects to fill business-critical needs: data, messaging, security, and more. Plus, find how to extend Spring Boot by creating your own starters and use the Actuator module's HTTP endpoints to monitor and manage your apps.",Course,N/A,N/A,true,N/A,
SOLID Principles in System Design for Java Developers,"This course teaches you the five SOLID principles that can help you write better, cleaner Java code. Learn how to use these principles in real-world projects to improve the design of your programs. With easy-to-follow examples, see how to fix and improve existing code, making it easier to change, test, and grow. Whether you're looking to improve your Java skills or get ready for interviews, this course can help you write more flexible and reliable code.",Course,2026-06-09 19:12 UTC,N/A,false,N/A,
Local AI: Build a RAG Model from Scratch with Open-Source Tools,"In this hands-on course, physicist and educator Dr. Alaa Moussawi guides you toward mastery of Retrieval-Augmented Generation (RAG) models. Learn to construct your own custom AI bots by integrating vector databases with language models for contextually accurate responses. Explore essential concepts such as vector embeddings, query processing, and prompt engineering. Learn how to optimize your resources by running lightweight models efficiently, even on limited hardware. Find out how to generate effective vector embeddings and extract relevant information from diverse data sources. Benefit from the flexibility of open-source software as you adapt the models to specific domains or styles, while customizing the knowledge base of your bot. Keep innovating and pushing boundaries with retrieval-augmented intelligence and join the vibrant open-source community in this exploratory learning adventure.",Course,2026-06-05 21:43 UTC,N/A,false,N/A,
Project Management Foundations: Teams,"<p>Explore leading techniques for understanding the personality traits of team members, and for managing the development of teams. Instructor Daniel Stanton discusses the value of learning about team members and explains a number of assessments that can assist with identifying personality types, emotional intelligence, strengths, and work styles. He also shares ways project managers can use these tools to relate to colleagues and create an environment in which everyone is able to succeed. </p><p>This course is part of a <a href=""https://www.linkedin.com/learning/paths/career-essentials-in-project-management-by-microsoft-and-linkedin"" target=""_blank"">Professional Certificate</a> from Microsoft.</p>",Course,2022-05-04 03:57 UTC,N/A,false,N/A,
Electronics Foundations: Fundamentals,"Working with electronics can be a ton of fun, but it can also be a bit confusing—especially when you're first learning. In this course, electrical engineer Barron Stone uses easy-to-understand analogies to break down the fundamental concepts of voltage, current, resistance, and power. After you review the science behind electricity, Barron applies those concepts to build basic circuits. He explains the differences between the ideal, theoretical power sources that we often consider when designing circuits and the physical limitations of the real-world power sources that we actually use to build them. He also shows you how to use the go-to tool for debugging electronics—the digital multimeter—so you can measure the actual voltage and current in your circuits.",Course,2023-08-05 05:16 UTC,2023-08-05 04:23 UTC,true,N/A,
Learning Power BI Desktop (2022),"Power BI Desktop—the powerful data analysis and visualization software from Microsoft—can help you get more insights from your data, whether that data is stored on your computer or in the cloud. In this course, discover how to leverage this easy-to-use tool to more efficiently model and visualize data. Learn how to connect various data sources, including Excel, databases, and web data sources like Wikipedia. Explore how to search and transform your data using the built-in Query Editor. Plus, instructor Gini von Courter shows how to build and arrange visualizations, create interactive reports, share your work, manage your published files in the Power BI service, and more.",Course,2023-07-18 12:43 UTC,N/A,false,N/A,
Nano Tips for Career Success and Daily Wins with Shadé Zahrai,"<p>Welcome to our <i>Nano Tips</i> series, where LinkedIn Learning creators deliver impactful lessons in literally seconds. In this installment, explore strategies for career success and daily wins with award-winning leadership strategist and peak performance specialist Shadé Zahrai. Learn how to identify career growth areas, address burnout, track achievements, celebrate effort, balance skills with opportunities, and develop daily habits. By the end of this course, you’ll be prepared to manage emotionally charged situations, disrupt procrastination, and improve mental clarity and well-being.</p><p>This course was created by Shadé Zahrai. We are pleased to host this training in our library.</p>",Course,2025-11-13 19:11 UTC,N/A,false,N/A,
Advanced LLMs with Retrieval Augmented Generation (RAG): Practical Projects for AI Applications,"Are you an engineer, solutions architect, or software developer tasked with building enterprise applications? It’s time to get up to speed with the latest AI-powered tools and techniques—in this case, retrieval-augmented generation (RAG). In this course, designed by leading technology educator Pragmatic AI Labs, join instructor Guy Ernest as he outlines the foundational and advanced concepts required to leverage RAG for large language models, including text encoding using embedded vectors, document chunking with enrichment strategies, improving document retrieval, and more. By the end of this course, you’ll be equipped with the skills you need to take advantage of the power of RAG.",Course,2026-05-26 06:01 UTC,N/A,false,N/A,
Learning C#,"The C# language got its start on Windows, but today you can find it almost everywhere.  Whether it’s running on the cloud, to desktops with MacOS and Linux, to mobile operating systems like Android and iOS, C# has grown into a mature, powerful language for almost any programming purpose.
In this course, Joe Marini dives into the fundamentals of C#, starting with a basic overview of language constructs like program flow and data types. He then gets into more advance topics such as functions, object-oriented programming techniques, and string processing. After this course, you’ll have a better understanding of C#, and how its combination of power, simplicity, and expressiveness make it an extremely versatile programming language that can be used for almost any scenario.
<p>This course includes Code Challenges powered by CoderPad. Code Challenges are interactive coding exercises with real-time feedback, so you can get hands-on coding practice alongside the course content to advance your programming skills.</p>",Course,N/A,N/A,true,N/A,
Nano Tips to Sharpen Your Critical Thinking with Shadé Zahrai,"<p>Welcome to our <i>Nano Tips</i> series, where LinkedIn Learning creators deliver impactful lessons in literally seconds. In this installment, explore what it takes to become a better critical thinker, using practical insights from award-winning leadership strategist and peak performance specialist Shadé Zahrai.</p><p>Learn how to scrutinize information like an investigator, posing Socratic questions and pushing the boundaries of your perspective. Challenge your assumptions to make better, smarter, more disruptive decisions with tools and techniques to enhance your focus and sense of clarity. Along the way, Shadé gives you pointers on how to avoid overthinking things to improve your chances of success in both your personal and professional life. By the end of this course, you’ll be prepared to create more inclusive, equitable spaces for open dialogue, ideation, and critical voice.</p>",Course,2025-11-16 02:50 UTC,N/A,false,N/A,
Python Code Challenges ,"Want to test your Python skills? These concise challenges let you stretch your brain and test your talents. Instructor Barron Stone shares over a dozen Python challenges, as well as his own solutions to each problem—the majority of which are less than two dozen lines of code. You can tackle each problem using the tools in the Python standard library, or opt for the library of your choice. And since each challenge is self-contained, you can complete the course in any order—and at your own pace. Tune in to get the hands-on practice you need to keep your skills sharp.",Course,2021-02-18 02:12 UTC,N/A,false,N/A,
Next.js: Creating and Hosting a Full-Stack Site,"Many web developers focus solely on one part of an application: the front end, the back end, the database, or the hosting platform. However, JavaScript has become such a ubiquitous language that it can be used for all of these parts. This means that a single JavaScript developer can now create an entire web application, a task that used to require an entire team. In this course, full-stack development instructor Shaun Wassell shows developers how to do exactly that by using Next.js to build a full-stack application. Find out how to build basic React interfaces in Next.js, add back-end functionality to Next.js applications, make network requests, and finally host a full-stack Next.js application so that anyone can use it.",Course,2026-05-29 03:59 UTC,N/A,false,N/A,
Nano Tips on How to Use Storytelling for Problem Solving with Ash Rathod,"Welcome to our <i>Nano Tips</i> series, where LinkedIn Learning creators deliver impactful lessons in literally seconds. In this course, Ash Rathod offers tips for integrating storytelling as a routine practice in problem solving. Learn about understanding your problem through story, storytelling techniques to analyze problems, using stories to persuade and convince, and more.",Course,2026-03-05 18:46 UTC,N/A,false,N/A,
Claude with Google Cloud Vertex AI by Anthropic,"<p>This course provides comprehensive technical training on integrating and deploying Claude AI models through Google Cloud Vertex AI. Developers will learn to implement Claude API capabilities, from basic request handling to advanced features including tool use, retrieval-augmented generation (RAG), and the Model Context Protocol (MCP). The curriculum covers practical implementation patterns, performance optimization techniques, and production-ready workflows for building AI-powered applications. </p><p><strong>Prerequisites:</strong></p><ul><li>Proficiency in Python programming</li>
<li>Basic knowledge of handling JSON data</li>
<li>A Google Cloud account with Vertex AI access</li></ul></p>
<p>Note: This course was created by Anthropic. We are pleased to host this training in our library. </p>",Course,2026-05-17 20:03 UTC,N/A,false,N/A,
Knowledge Graph Data Engineering for Generative AI Use Cases,"This advanced course bridges the gap between traditional data engineering and modern AI applications through knowledge graphs. Designed for data scientists and engineers, instructor Ashleigh Faith provides an overview of a practical framework for implementing neurosymbolic AI solutions. Learn how to assess data requirements, build robust knowledge graphs, implement efficient ETL processes, and handle complex entity resolution challenges. Along the way, Ashleigh covers real-world applications, common pitfalls, and best practices for creating maintainable, scalable knowledge graph solutions that can integrate with AI systems.",Course,2026-06-04 17:52 UTC,N/A,false,N/A,
Nano Tips To Overcome Overthinking with Melody Wilding,"Welcome to our <i>Nano Tips</i> series, where LinkedIn Learning creators deliver impactful lessons in literally seconds. In this installment, join professor, author, and executive coach Melody Wilding as she shares practical strategies you can apply in real life to assess your thought patterns, help you get out of your own way, and become a more effective decision-maker. Learn to identify the signs of overthinking, change your identity from overthinker to actor, track your triggers, leverage tools like the STOP technique and worst case scenario planning, carve out time to worry, and reframe what’s possible. Along the way, Melody offers insights on how to avoid perfectionism, minimize decision fatigue, boost your focus, and make faster, more effective decisions that are more closely aligned with your values.",Course,2026-05-22 15:29 UTC,N/A,false,N/A,
JavaScript Essential Training,"<p>JavaScript is a scripting language of the web. As the web evolves from a static to a dynamic environment, technology focus is shifting from static markup and styling to dynamic interfaces and advanced interaction. Once seen as optional, JavaScript is now becoming an integral part of the web, infusing every layer with its script.</p><p>This course includes Code Challenges powered by CoderPad. Code Challenges are interactive coding exercises with real-time feedback, so you can get hands-on coding practice alongside the course content to advance your programming skills. Instructor Morten Rand-Hendriksen helps you build your understanding of JavaScript piece by piece, from core principles like variables, data types, conditionals, and functions through advanced topics including loops, and DOM scripting. </p>",Course,N/A,N/A,true,N/A,
Raspberry Pi Essential Training (2022),"In this introductory class to the Raspberry Pi, technologist Mark Niemann-Ross explains the vocabulary associated with this single-board computer, then shows you how to plug in peripherals and perform basic computing tasks. Mark first describes how the Raspberry Pi compares to other computers and how it can be used as a media server, musical instrument, robotics controller, and more. He covers the members of the Raspberry Pi family and how to select the one that is right for you and the accessories that you need to use it effectively. Mark walks you through connecting your Raspberry Pi to wi-fi and ethernet, as well as getting it started. After examining operating systems for Raspberry Pi, he goes into why a virtual networking computer (VNC) for Raspberry Pi can be very helpful and how you can enable and use one. Mark discusses sound on your Raspberry Pi and how to use and control the GPIO board. After going over Raspberry Pi hardware, he dives into the Raspberry Pico microcontroller, then finishes up with how to run the Raspberry Pi OS on other computers.
<br><br>
Note: This course was created by Mark Niemann-Ross. We are pleased to host this training in our library.",Course,2022-04-01 00:12 UTC,N/A,false,N/A,
Designing RESTful APIs,"Having a solid understanding of how to correctly build APIs is important for any developer planning on creating websites. In this course, learn how to plan and model your own APIs, and explore the six REST design constraints that help guide your architecture. Keith Casey starts with a simple overview, including advice on identifying the users or ""participants"" of your system, and the activities they might perform with it. He discusses how to validate your design before you build it, and explores the HTTP concepts and REST constraints needed to build your API. To wrap up, Keith goes over some of the most common API design patterns you may encounter.",Course,N/A,N/A,true,N/A,
Nano Tips to Think Faster and Make Better Decisions with Shadé Zahrai,"<p>Welcome to our <i>Nano Tips</i> series, where LinkedIn Learning creators deliver impactful lessons in literally seconds. In this installment, discover powerful, practical strategies to think faster and make better decisions with insights from Shadé Zahrai, peak performance researcher and behavioral strategist to Fortune 500 companies.</p><p>Gather insights to start building a stronger, more effective decision-making foundation—simplifying more complex decisions, maximizing willpower, optimizing your schedule, and preparing for decisions before you even make them. Learn how to deploy a handful of easy-to-use strategies to create a more empowering decision-making experience, such as delaying your response, using a decision matrix, avoiding flawed conclusions, and more. Along the way, Shadé shows you how to prevent framing bias, apply critical thinking to make more informed judgments, and prioritize what matters most.</p>",Course,2025-12-13 08:31 UTC,N/A,false,N/A,
Change Management Foundations,"<p>The need to manage change successfully is more common and more important for a leader’s career than ever, and a specific roadmap for managing change is essential. In this course, instructor Scott Mautz gives you a playbook—a powerful, step-by-step approach to managing change, drawing from and building on key elements of change management models in practice today. Scott begins with a brief introduction to the field of change management and dives into the truths of leading change. He discusses how to conduct a change readiness assessment, then goes into the specific change management phases that follow. Scott details key steps and considerations of each phase, as well as what barriers to expect and overcome. He concludes with how to build a change action plan (CAP).</p><p>This course is part of a <a href=""https://www.linkedin.com/learning/paths/succeeding-as-a-new-manager-professional-certificate-by-linkedin-learning?u=104"" target=""_blank"">Professional Certificate</a> from LinkedIn Learning.</p>",Course,2022-05-04 04:00 UTC,N/A,false,N/A,
Designing Learning Experiences in the Metaverse,"If you work in learning and development, you most likely know that the future is already here. Now, not only do you have to design experiences for elearning modules, microlearning, and online or hybrid classrooms, you also have to design learning platforms and curriculum that meet the unique needs and opportunities of the metaverse.<br><br>Join instructor Karl Kapp in this cornerstone skills course on effective virtual learning and development. Karl shows you how to build collaborative, three-dimensional learning experiences to take your instructional design skill set to the next professional level. Learn about the fundamentals of the metaverse for successful learning, why well-designed learning really matters, and when and how to conduct future-forward instructional experiences, evaluate your performance, overcome critical incidents, and more. By the end of this course, you’ll be ready to wield your new metaverse design skills to promote virtual collaboration, innovation for growth, and learning.",Course,2024-10-24 17:51 UTC,N/A,false,N/A,
Learning Spring with Spring Boot,"Spring is the hugely popular framework for developing Java applications in the enterprise space. In this course, discover how to leverage Spring Boot, which takes an opinionated view of the Spring platform. Follow Frank Moley as he walks through how to use Spring Boot to quickly and efficiently develop a practical, enterprise-style web application. As Frank explains how to develop the app, he helps to familiarize you with the general Spring framework. Plus, Frank dives into some of the basic projects of Spring that you can use to develop Java-based applications.",Course,N/A,N/A,true,N/A,
