Saved Date,Job Url,Job Title,Company Name
"5/23/26, 12:44 AM",http://www.linkedin.com/jobs/view/4413731167,Member of Technical Staff - India,Deeptune
"10/27/24, 7:30 PM",http://www.linkedin.com/jobs/view/4044000368,Python Engineer,ScaleReal Technologies Pvt. Ltd.
"5/23/26, 2:44 AM",http://www.linkedin.com/jobs/view/4377182039,Forward Deployed Engineer,Fiddler AI
"10/25/24, 7:14 PM",http://www.linkedin.com/jobs/view/4057431811,,
"10/24/24, 6:48 AM",http://www.linkedin.com/jobs/view/4057430060,,
"5/23/26, 2:34 AM",http://www.linkedin.com/jobs/view/4344616106,Forward Deployed Engineer,HackerRank
"5/23/26, 1:32 AM",http://www.linkedin.com/jobs/view/4383793983,"Staff Machine Learning Engineer, Gen AI",Weave
"5/23/26, 2:44 AM",http://www.linkedin.com/jobs/view/4412110358,Forward Deployed Engineer,smallest.ai
"10/5/24, 8:30 PM",http://www.linkedin.com/jobs/view/4029677984,Software Engineering II,Microsoft
"5/23/26, 1:03 AM",http://www.linkedin.com/jobs/view/4373554037,Staff Software Engineer,dbt Labs
"11/3/24, 8:44 PM",http://www.linkedin.com/jobs/view/4064475603,,
"5/18/26, 9:47 AM",http://www.linkedin.com/jobs/view/4384669491,"Senior Staff Engineer, Python & LLM",Nagarro
"11/3/24, 8:17 PM",http://www.linkedin.com/jobs/view/3961749030,AI Engineer - 4 Day Week + Remote,Shape Construction
"10/24/24, 6:49 AM",http://www.linkedin.com/jobs/view/4053055882,Python Developer,Uplers
"10/27/24, 7:31 PM",http://www.linkedin.com/jobs/view/4035304419,Python Developer,Numerator
"10/24/24, 6:46 AM",http://www.linkedin.com/jobs/view/4056137987,Senior Python Developer,EPAM Systems
"10/5/24, 8:20 PM",http://www.linkedin.com/jobs/view/3888113575,Senior Python Developer,CloudHire
"10/8/24, 7:28 PM",http://www.linkedin.com/jobs/view/4033162916,Data Automation Engineer,Cartney
"5/23/26, 2:45 AM",http://www.linkedin.com/jobs/view/4414021665,Senior Forward Deployed Engineer,UiPath
"10/5/24, 8:23 PM",http://www.linkedin.com/jobs/view/4040356304,Remote Python Developer,Turing
"5/23/26, 2:37 AM",http://www.linkedin.com/jobs/view/4403635385,"Forward Deployed Engineer, GenAI, Google Cloud",Google
"5/23/26, 1:31 AM",http://www.linkedin.com/jobs/view/4417033732,Staff Software Engineer - Data,Intuitive
"10/27/24, 7:24 PM",http://www.linkedin.com/jobs/view/4056810264,Python Developer,Soul AI
"10/8/24, 7:28 PM",http://www.linkedin.com/jobs/view/4041979535,Gen AI Automation Engineer,Motorola Solutions
"10/25/24, 7:15 PM",http://www.linkedin.com/jobs/view/4057212767,"Software Engineering, Senior (Python)",Medallia
"7/12/23, 9:46 AM",http://www.linkedin.com/jobs/view/3578675626,,
"10/5/24, 8:25 PM",http://www.linkedin.com/jobs/view/4029682035,Software Engineer II,Microsoft
"5/19/26, 11:59 AM",http://www.linkedin.com/jobs/view/4330822651,Senior Staff Engineer | AI Voice Engineering,Five9
"10/8/24, 7:30 PM",http://www.linkedin.com/jobs/view/4033141985,Senior Web Developer - Remote,Multiplier
